text	sentiment
I usually feel satisfied after solving a difficult problem; frustration comes only when things stagnate.	positive
Evenings leave me tired but fulfilled knowing I’ve completed meaningful work.	positive
Most of my day feels rushed and unproductive lately.	negative
Mornings bring stress because I know how much I have to do.	negative
The middle of my day is fine, just routine — nothing special.	neutral
Excitement and curiosity take over when I start something new.	positive
I feel cautious but motivated to see where it goes.	neutral
New projects make me anxious about failing.	negative
I usually feel hopeful at the beginning, though sometimes uncertain.	neutral
Starting new challenges gives me energy and focus.	positive
I felt proud when I helped my colleague meet a tough deadline.	positive
Finishing my thesis chapter last week made me genuinely proud.	positive
I haven’t felt proud of myself lately; everything feels ordinary.	negative
Completing a long-delayed task gave me a sense of relief more than pride.	neutral
I was proud after presenting my idea and getting positive feedback.	positive
My work environment feels collaborative and inspiring most days.	positive
It’s generally okay, though sometimes tense during deadlines.	neutral
The office feels cold and competitive; it drains me.	negative
I associate my workplace with growth and learning.	positive
The environment feels repetitive, like every day is the same.	negative
I try to stay calm and find another approach.	positive
Usually I get irritated but quickly adapt.	neutral
It ruins my mood for the rest of the day.	negative
I dont know	neutral
iam not sure	neutral
idk	neutral
I’d say I learn at a steady pace.	neutral
I’m generally open to learning new tools when needed.	neutral
Sometimes new knowledge takes time to sink in, but I manage.	neutral
I’d probably feel a bit pressured but willing to try.	neutral
I can make friends if the situation feels natural.	neutral
Talking to new people is okay once I warm up.	neutral
Calling someone new makes me slightly nervous but it’s fine.	neutral
I try to follow rules but I also like to understand them.	neutral
I’m not really the life of the party, but I join in.	neutral
Hot summer days are alright if there’s some shade.	neutral
A month in the tropics sounds fine, maybe a bit too warm.	neutral
I slightly prefer warm weather over cold.	neutral
High summer temperatures sometimes make me tired.	neutral
Water sports seem okay, not my biggest hobby though.	neutral
Sea cruises sound interesting depending on the destination.	neutral
Swimming in the Mediterranean sounds pleasant.	neutral
I like both pools and natural water for different reasons.	neutral
On vacation I usually go swimming when possible.	neutral
My diet is reasonably healthy, I think.	neutral
Bio products are fine, I buy them sometimes.	neutral
I try to take care of my health in simple ways.	neutral
I could live without fast food, though I’d miss it occasinally.	neutral
I learn best when I can practice directly.	neutral
New technologies interest me if they’re useful.	neutral
I don’t struggle much with new knowledge but it takes focus.	neutral
Learning quickly under time pressure is manageable for me.	neutral
I can meet new friends but I don’t rush it.	neutral
Talking to strangers is okay once conversation starts.	neutral
Phone calls to new people feel a bit awkward but doable.	neutral
I follow laws in general, though some feel overly strict.	neutral
I’m social at parties but not the center of attention.	neutral
I enjoy warm weather unless it gets too hot.	neutral
Spending a month in the tropics sounds mostly enjoyable.	neutral
I’m comfortable in warm climates, but not extreme heat.	neutral
Summer heat makes me want to stay indoors sometimes.	neutral
I like water sports casually, nothing too intense.	neutral
Cruises seem relaxing but I’m not sure I’d do it often.	neutral
Mediterranean swimming sounds refreshing.	neutral
I don’t mind either pools or natural water.	neutral
I try to swim on vacation if the opportunity is there.	neutral
My eating habits could be healthier but they’re okay.	neutral
Bio products seem good but sometimes expensive.	neutral
I pay attention to health when I remember to.	neutral
I could skip fast food but it’s convenient sometimes.	neutral
I believe I pick up skills at a normal pace.	neutral
I’m moderately eager to learn new technologies.	neutral
I don’t have major issues with learning.	neutral
Short-term learning tasks are challenging but fine.	neutral
I can form new friendships with time.	neutral
I’m generally okay with speaking to new people.	neutral
Calling someone new is slightly uncomfortable but manageable.	neutral
I usually follow regulations but I like to know the reasoning.	neutral
I sometimes join party activities but rarely lead them.	neutral
Hot summer days are acceptable in moderation.	neutral
A month in the tropics sounds like a mixed experience.	neutral
I prefer warm climates but not humidity.	neutral
Summer temperatures can be tiring but not unbearable.	neutral
Water sports aren’t my favorite but I enjoy watching them.	neutral
Cruises sound alright but I’m not super excited about them.	neutral
Warm Mediterranean water sounds appealing.	neutral
I’m fine with pools or natural lakes.	neutral
On vacation I swim if I feel like it.	neutral
My diet is somewhat balanced.	neutral
Bio products are okay, I don’t have strong feelings.	neutral
I make basic efforts for my health.	neutral
I could give up fast food if I needed to.	neutral
I learn fairly quickly with proper motivation.	neutral
I like exploring new technologies when relevant.	neutral
New knowledge sometimes takes repetition for me.	neutral
I can learn fast under pressure but it’s a bit stressful.	neutral
I get along with new people reasonably well.	neutral
Talking to new people is fine once the ice is broken.	neutral
Calling someone new is mildly awkward but alright.	neutral
I respect rules, though some feel unnecessary.	neutral
I enjoy social events but in a calm way.	neutral
Hot days don’t bother me too much.	neutral
A month in the tropics could be fun, depending on the climate.	neutral
Warm weather is slightly more comfortable than cold.	neutral
Summer heat sometimes drains my energy.	neutral
Water sports are okay but not a priority for me.	neutral
Cruises might be fun with good company.	neutral
Swimming in the Mediterranean sounds enjoyable.	neutral
I like pools for convenience, natural water for the scenery.	neutral
On vacation I often end up swimming.	neutral
I don’t think I learn very fast, honestly.	negative
New technologies usually stress me a bit.	negative
Yes, I often have trouble learning new things.	negative
Learning a new skill quickly would make me quite nervous.	negative
It’s not easy for me to make new friends.	negative
Talking to new people feels uncomfortable for me.	negative
Calling someone I don’t know makes me anxious.	negative
I follow laws but sometimes only because I have to.	negative
I’m definitely not the life of any party.	negative
Hot summer days are too much for me.	negative
A month in the tropics would be too exhausting.	negative
I don’t really like hot weather.	negative
Summer temperatures make me feel terrible.	negative
I’m not a fan of water sports at all.	negative
Sea cruises don’t sound fun to me.	negative
Swimming in the Mediterranean doesn’t really attract me.	negative
I don’t enjoy swimming in pools or natural water.	negative
On vacation I rarely go swimming.	negative
I don’t consider my diet very healthy.	negative
Bio products seem pointless to me.	negative
I don’t take care of my health as much as I should.	negative
I can’t imagine life without fast food.	negative
I feel like I learn slower than others.	negative
I’m not eager to learn new technologies.	negative
Acquiring new knowledge is often difficult for me.	negative
Learning fast under pressure usually overwhelms me.	negative
Making new friends is hard for me.	negative
I feel awkward talking to new people.	negative
Phone calls to strangers make me panic a bit.	negative
I follow rules but sometimes I don’t really agree with them.	negative
I’m usually quiet at parties and stay in the corner.	negative
Hot days make me feel tired and irritated.	negative
I don’t want to spend a month in the tropics.	negative
I prefer cold over heat, hot weather drains me.	negative
High summer temperatures are unbearable for me.	negative
Water sports scare me a little.	negative
Cruises sound boring and uncomfortable.	negative
Swimming in warm sea water doesn’t appeal to me.	negative
I prefer not to swim at all.	negative
Even on vacation I avoid swimming.	negative
My diet is pretty bad most of the time.	negative
I don’t trust bio products much.	negative
I don’t really take good care of my health.	negative
Fast food is too important for me to quit.	negative
I don’t pick up new skills quickly.	negative
New tech usually confuses me.	negative
Learning new things feels like a struggle.	negative
Learning something quickly would be very stressful.	negative
I rarely make new friends.	negative
Talking to strangers makes me uncomfortable.	negative
Calling someone new is one of my least favorite things.	negative
I often find regulations annoying.	negative
I’m never the party type.	negative
Hot summer weather is too extreme for me.	negative
I would not enjoy the tropics for that long.	negative
I dislike hot weather more than cold.	negative
Summer temperatures usually make me miserable.	negative
I’m not into water sports at all.	negative
Cruises seem like a bad way to relax.	negative
Swimming in Mediterranean water doesn’t excite me.	negative
I don’t enjoy either pools or natural water.	negative
I rarely swim even when I could.	negative
My eating habits aren’t healthy.	negative
Bio products feel overrated.	negative
I don’t put enough effort into my health.	negative
Living without fast food sounds impossible.	negative
I’m not fast at learning anything.	negative
I don’t like learning new technologies.	negative
Yes, I struggle with new knowledge often.	negative
Learning fast would probably stress me out too much.	negative
Making friends is difficult and slow for me.	negative
I don’t feel good speaking with new people.	negative
Phone calls to unfamiliar people make me uneasy.	negative
I follow laws, but sometimes I feel forced.	negative
I don’t stand out at parties at all.	negative
Hot days just make me sweaty and annoyed.	negative
The tropics would be too hot and humid for me.	negative
I don’t like hot weather much.	negative
High summer temperatures make me feel unwell.	negative
Water sports aren’t enjoyable for me.	negative
Cruises give me a feeling I would be stuck.	negative
Swimming in warm sea water doesn’t interest me at all.	negative
Both pools and lakes feel uncomfortable to me.	negative
Even on holidays I usually avoid the water.	negative
I don’t keep a healthy diet.	negative
I don’t care much about bio products.	negative
I don’t maintain my health properly.	negative
I would struggle without fast food.	negative
I’m slow at learning things.	negative
Sounds good to me.	positive
I don’t care that much.	neutral
Not really my thing.	negative
Yeah, I like that.	positive
I’m okay with it.	neutral
I prefer not to.	negative
Sure, why not.	positive
Doesn’t matter to me.	neutral
I don’t enjoy it.	negative
I like it a lot.	positive
It’s fine either way.	neutral
I’m not into that.	negative
I’m happy with that.	positive
I can take it or leave it.	neutral
I avoid it usually.	negative
Yeah, that works for me.	positive
I’m indifferent.	neutral
I really don’t like it.	negative
Sounds great.	positive
It’s okay, I guess.	neutral
Not something I want.	negative
I enjoy that.	positive
I don’t mind.	neutral
I dislike it.	negative
I’m cool with that.	positive
I feel nothing special.	neutral
I’d rather skip it.	negative
Nice, I like it.	positive
It’s alright.	neutral
Not for me.	negative
I’m positive about it.	positive
Doesn’t bother me.	neutral
I usually avoid it.	negative
I’d be glad to.	positive
I’m neutral here.	neutral
I’m against it.	negative
Sure, I’d enjoy that.	positive
Whatever, it’s fine.	neutral
I don’t feel good about it.	negative
I appreciate that.	positive
Hard to say.	neutral
I’d say no.	negative
I think it’s great.	positive
No strong feelings.	neutral
I don’t like doing that.	negative
I really enjoy it.	positive
I guess it’s fine.	neutral
I’d rather not.	negative
Sounds fun.	positive
I’m okay either way.	neutral
It makes me uncomfortable.	negative
Yeah, I’m into that.	positive
I don’t care much.	neutral
Not something I enjoy.	negative
I’d say yes.	positive
Nothing special for me.	neutral
I’m not a fan.	negative
Feels good to me.	positive
I’m fine with both.	neutral
I’d avoid it if I can.	negative
I like it.	positive
It’s neutral to me.	neutral
I usually say no.	negative
I’m pretty cool with it.	positive
I’m not sure, it’s okay.	neutral
Doesn’t feel right to me.	negative
Yeah, totally fine.	positive
I don’t have an opinion.	neutral
I wouldn’t choose it.	negative
I like that idea.	positive
I’m neither here nor there.	neutral
I’d probably reject it.	negative
Sounds alright to me.	positive
I don’t think much about it.	neutral
I would not enjoy that.	negative
I feel good about it.	positive
I guess it’s neutral.	neutral
I don’t want that.	negative
Yes, I enjoy that.	positive
I don’t really care.	neutral
I’d be unhappy with it.	negative
I love that.	positive
I’m fine, nothing big.	neutral
I’d skip it.	negative
Feels nice.	positive
I don’t mind either.	neutral
That’s not enjoyable.	negative
Sure, that’s fine.	positive
It’s okay for me.	neutral
I don’t prefer it.	negative
Sounds nice to me	positive
I do not care much	neutral
I do not like it	negative
I like that	positive
It is fine	neutral
Not for me	negative
Yes, I enjoy that	positive
I do not mind	neutral
I avoid it usually	negative
I really like it	positive
It is okay	neutral
I do not enjoy this	negative
Feels good to me	positive
I am neutral about it	neutral
I would rather not	negative
That works for me	positive
Hard to say	neutral
I feel bad with it	negative
Nice idea	positive
It is nothing special	neutral
I do not want it	negative
I enjoy it	positive
No opinion	neutral
I dislike it	negative
I support that	positive
I am indifferent	neutral
I usually say no	negative
Good for me	positive
It seems okay	neutral
I am not into it	negative
I like this a lot	positive
I do not think much about it	neutral
I do not feel good about it	negative
Sounds fun to me	positive
I am fine either way	neutral
I prefer to avoid it	negative
Feels positive	positive
It is fine for me	neutral
I am against it	negative
Very good	positive
Not sure	neutral
I do not like doing that	negative
Feels great	positive
It does not matter much	neutral
I prefer no	negative
Yes, sounds good	positive
Ok for me	neutral
Not enjoyable	negative
Great idea	positive
No strong feeling	neutral
Not my choice	negative
Feels alright	positive
It is neutral	neutral
I would avoid it	negative
I like it very much	positive
I have no view	neutral
I do not prefer it	negative
Very nice	positive
I guess it is fine	neutral
I do not enjoy this activity	negative
I am happy with it	positive
Nothing big for me	neutral
I would skip this	negative
I really enjoy this	positive
I feel nothing special	neutral
I do not like that option	negative
Sure, works fine	positive
It feels ok	neutral
Not something I want	negative
Feels good	positive
I am ok with it	neutral
Not a good idea	negative
Yes, I like it	positive
It is normal to me	neutral
I do not feel great about it	negative
Very positive for me	positive
I am not sure, neutral	neutral
I would reject it	negative
I like that feeling	positive
No strong opinion	neutral
It makes me uncomfortable	negative
Sounds ok	positive
I do not care much here	neutral
I do not want to do it	negative
I enjoy this idea	positive
It is fine with me	neutral
Not something I enjoy	negative
Good thing for me	positive
It is all the same to me	neutral
I probably would avoid it	negative
Looks good to me	positive
I feel neutral	neutral
I do not like this	negative
Very nice for me	positive
It is acceptable	neutral
Not something I choose	negative
Yes, I am positive	positive
I do not think about it	neutral
I am not a fan	negative
I dislike having to learn new technologies.	negative
New knowledge often confuses me more than helps.	negative
Asking me to learn fast would feel overwhelming.	negative
I have trouble forming new friendships.	negative
Yes	positive
No	negative
Maybe	neutral
Sure	positive
Nope	negative
Ok	neutral
Yes, sure	positive
Not really	negative
Hard to say	neutral
Yeah	positive
No way	negative
Possibly	neutral
Absolutely	positive
I dont think so	negative
Could be	neutral
For sure	positive
Prefer not	negative
Not sure	neutral
Yes, why not	positive
No, thanks	negative
Maybe later	neutral
Sounds good	positive
Not this time	negative
I guess so	neutral
Yes, ok	positive
No, never	negative
Unsure	neutral
Yes, definitely	positive
Probably not	negative
Maybe yes	neutral
Yeah, fine	positive
No chance	negative
Not decided	neutral
Sounds fine	positive
Rather no	negative
I dont know	neutral
Yes please	positive
No, I avoid	negative
Maybe, depends	neutral
Sure thing	positive
No, not really	negative
Cant tell	neutral
Yes, totally	positive
Not for me	negative
Maybe a bit	neutral
Yes, I can	positive
No, I wont	negative
Im not sure	neutral
Yes, sounds ok	positive
No, I dislike	negative
Maybe kinda	neutral
Yeah, probably	positive
No, probably not	negative
Could be possible	neutral
Yes, I agree	positive
No, I disagree	negative
Maybe sometimes	neutral
Yes, why not	positive
Not at all	negative
Hard to decide	neutral
Yes, I think so	positive
No, I doubt it	negative
Maybe, who knows	neutral
Yes, of course	positive
No, I prefer not	negative
Im between	neutral
Yes, seems fine	positive
No, bad idea	negative
Maybe, not sure	neutral
Yeah, sounds good	positive
No thank you	negative
I cannot tell	neutral
Yes, I like it	positive
No, I dont like it	negative
Maybe yes, maybe no	neutral
Yes, agreed	positive
No, no reason	negative
Neutral here	neutral
Yes, acceptable	positive
No, too much	negative
Maybe a little	neutral
Yes, works for me	positive
No, doesnt work	negative
Cannot decide	neutral
Yes, I am fine	positive
No, I am not	negative
Maybe later on	neutral
Yes, that fits	positive
No, I skip	negative
Possibly yes	neutral
Yes, I choose that	positive
No, I avoid this	negative
Not sure at all	neutral
Yes, I would	positive
No, I would not	negative
Maybe if needed	neutral
Yes, ok for me	positive
No, not for me	negative
Maybe, could be	neutral
Yes, i think i learn fast enough	neutral
I like to learn new technologies	neutral
Sometimes new knowledge is dificult	neutral
I feel ok if need learn new skill fast	neutral
Making friends is not so easy for me	neutral
Talking with new people is fine	neutral
I feel a bit nervus to call new person	neutral
I try to follow laws mostly	neutral
I am not very active in party	neutral
Hot summer days are ok for me	neutral
Maybe i can spend month in tropics	neutral
I prefer hot weather sometimes	neutral
Summer high temperature is ok	neutral
Water sports is interesting for me	neutral
Sea cruises are ok, can be fun	neutral
Swimming in warm sea is good	neutral
I like pools and sea both	neutral
On vacation i swim if possible	neutral
My diet is normal i think	neutral
Organic products are ok sometimes	neutral
I try to care for my health	neutral
I can live without fast-food sometimes	neutral
Learning new skills is ok for me	neutral
I want to learn new tech slowly	neutral
Sometimes i need more time to learn	neutral
I feel a little stressed if learn fast	neutral
Making friends can be dificult sometimes	neutral
Talking with new people is little hard	neutral
Phone call to stranger is a bit nervus	neutral
I follow rules most of the time	neutral
I dont go party much, prefer home	neutral
Summer is hot but i can manage	neutral
I like tropical places sometimes	neutral
Hot weather is fine for me	neutral
High temperature in summer is ok	neutral
Water sports is not my favorite but ok	neutral
Sea cruises sound relax sometimes	neutral
Swimming in warm sea is ok	neutral
I like pool or lake both fine	neutral
On vacation i sometimes swim in pool	neutral
My diet is ok,	neutral
yes	positive
yes!	positive
no!	negative
never!	negative
hate it	negative
idc	neutral
idc!	neutral
I think i learn slowly	negative
I dont like to learn new technologies	negative
New knowledge is often dificult for me	negative
I feel stressed if need learn new skill fast	negative
Making friends is very hard for me	negative
Talking with new people make me nervus	negative
I dont like to call unknown person	negative
I sometimes break rules without think	negative
I dont enjoy parties much	negative
Hot summer days are too hot for me	negative
I cannot stay long in tropics	negative
I prefer cold weather over hot	negative
Summer high temperature make me tired	negative
Water sports is not for me	negative
Sea cruises are boring for me	negative
Swimming in warm sea is not nice	negative
I dont like pools or sea much	negative
On vacation i rarely swim	negative
My diet is bad i know	negative
Organic products are not important for me	negative
I dont care much about my health	negative
I cannot live without fast-food easily	negative
Learning new skills is difficult for me	negative
I feel lost with new technologies	negative
I need very long time to learn	negative
Learning fast make me nervus	negative
I make friends very slowly	negative
Talking with strangers is very hard for me	negative
I dont like to follow laws strictly	negative
Summer days make me feel bad	negative
Talking to people I don’t know feels stressful.	negative
Calling someone new is something I try to avoid.	negative
I don’t always agree with rules but still follow them reluctantly.	negative
I wouldn’t call myself fun at parties.	negative
Hot summer days make everything harder for me.	negative
I try to maintain a reasonably healthy diet.	neutral
Bio products seem fine but I don’t specifically seek them out.	neutral
I pay attention to health when needed.	neutral
I could skip fast food if I planned better.	neutral
I think I’m a relatively quick learner overall.	neutral
I’m curious about new technologies in general.	neutral
Sometimes learning new topics takes extra time for me.	neutral
I can handle quick learning tasks if needed.	neutral
Making new friends is possible but slow for me.	neutral
Talking to new people is fine with a bit of warm-up.	neutral
Calling someone new isn’t my favorite but I can do it.	neutral
I follow laws unless something seems unreasonable.	neutral
I participate in parties but not loudly.	neutral
Hot summer days are tolerable with water nearby.	neutral
A month in the tropics might be an interesting experience.	neutral
I lean toward warm weather but enjoy both.	neutral
Summer temperatures sometimes make me sleepy.	neutral
idc	neutral
i am not sure about that	neutral
wouldnt know	neutral
idc	neutral
I felt proud after finishing the project.	positive
My team supports each other really well.	positive
I’m happy with how I’ve grown here.	positive
The feedback I receive motivates me.	positive
I enjoy collaborating with my colleagues.	positive
I feel appreciated for my efforts.	positive
Most days I look forward to work.	positive
It’s a healthy and encouraging atmosphere.	positive
I’ve learned a lot from recent challenges.	positive
I try to focus on improvement every day.	positive
It’s mostly fine, though sometimes stressful.	neutral
Things are okay, not great but not bad.	neutral
I feel indifferent about most things at work.	neutral
It depends on the day.	neutral
I guess it’s fine overall.	neutral
I’m not sure how I feel about it.	neutral
I don’t really think much about it.	neutral
It’s manageable most of the time.	neutral
I don’t know.	neutral
I am not sure.	neutral
The pressure sometimes gets overwhelming.	negative
I feel anxious before meetings.	negative
The environment can be toxic at times.	negative
I don’t feel valued or recognized.	negative
It’s hard to stay motivated lately.	negative
I get frustrated easily at work.	negative
It feels draining and repetitive.	negative
I often feel excluded from decisions.	negative
The stress affects my personal life.	negative
I feel stuck and unappreciated.	negative
I stay calm and try another way.	positive
Usually I get upset but recover fast.	neutral
It ruins my mood when things go wrong.	negative
I don’t care much about that.	neutral
Wouldn’t know really.	neutral
I try to keep a positive mindset.	positive
It’s hard, but I push through.	positive
Sometimes I just go with the flow.	neutral
I’ve gained confidence through my work.	positive
Deadlines make the team tense.	neutral
I take failures as lessons.	positive
I lose focus when things get chaotic.	negative
It’s the same routine every day.	negative
I prefer working alone to avoid tension.	neutral
The energy in the office lifts me up.	positive
It’s not terrible, just exhausting.	neutral
I feel burned out and tired.	negative
I get inspired by my coworkers’ ideas.	positive
I’m uncertain about my role here.	neutral
I’m learning to stay calm under pressure.	positive
I feel proud of my recent accomplishments	positive
My team communicates well	positive
I enjoy brainstorming with colleagues	positive
I feel motivated by feedback	positive
Work gives me a sense of purpose	positive
I like helping others succeed	positive
The environment encourages growth	positive
I feel appreciated for my contributions	positive
I am learning new skills every day	positive
I try to stay positive when challenges arise	positive
Things are usually okay	neutral
I am not sure how I feel	neutral
It is fine most of the time	neutral
I guess it is acceptable	neutral
It depends on the situation	neutral
I do not know	neutral
I do not care much	neutral
I feel neutral about that	neutral
I am undecided	neutral
Sometimes it is hard to tell	neutral
I get frustrated easily	negative
Work stress affects me	negative
The environment feels tense	negative
I feel undervalued	negative
I get discouraged often	negative
It is exhausting to stay motivated	negative
I feel ignored by management	negative
Deadlines make me anxious	negative
The office feels cold	negative
It drains my energy	negative
I try to stay calm and adapt	positive
Usually I get irritated but recover	neutral
It ruins my mood at times	negative
I do not know much about that	neutral
I am not sure about it	neutral
I focus on improvement	positive
I push through challenges	positive
I go with the flow sometimes	neutral
I am gaining confidence at work	positive
Team tensions arise during deadlines	neutral
I learn from mistakes	positive
I lose motivation quickly	negative
The routine feels repetitive	negative
I prefer avoiding conflict	neutral
The office inspires me	positive
Work is exhausting but manageable	neutral
I feel drained at the end of the day	negative
I get inspired by colleagues	positive
I am uncertain about my role	neutral
I stay calm under pressure	positive
i dont care	neutral
I try to stay optimistic	positive
I look for the good in every situation	positive
I take initiative when I can	positive
I stay calm under pressure	positive
I focus on solutions not problems	positive
I try to motivate others	positive
I approach challenges with curiosity	positive
I enjoy taking responsibility	positive
I adapt quickly to change	positive
I stay confident in my abilities	positive
I like to help when needed	positive
I keep a positive mindset	positive
I try to learn from mistakes	positive
I stay patient with difficulties	positive
I encourage teamwork	positive
I stay flexible when plans change	positive
I look for ways to improve	positive
I try to be proactive	positive
I celebrate small wins	positive
I stay engaged in projects	positive
I usually go with the flow	neutral
I tend to wait and see	neutral
I feel unsure sometimes	neutral
I stay quiet unless asked	neutral
I am cautious with my actions	neutral
I try to avoid conflicts	neutral
I go along with others’ ideas	neutral
I sometimes feel indifferent	neutral
I am neutral about most things	neutral
I adapt slowly to changes	neutral
I get frustrated but recover quickly	neutral
I am uncertain about my approach	neutral
I am careful with my words	neutral
I take time to think before acting	neutral
I tend to observe first	neutral
I follow instructions closely	neutral
I am not sure how I feel	neutral
I don’t have a strong opinion	neutral
I am undecided about some things	neutral
I feel hesitant sometimes	neutral
I get annoyed quickly	negative
I feel stressed under pressure	negative
I often doubt myself	negative
I lose motivation easily	negative
I get discouraged when things go wrong	negative
I find it hard to adapt	negative
I feel impatient with slow progress	negative
I am easily frustrated	negative
I struggle to stay positive	negative
I often feel overwhelmed	negative
I am critical of myself	negative
I feel tense around deadlines	negative
I feel unappreciated	negative
I get irritated at small issues	negative
I find it hard to concentrate	negative
I feel anxious about tasks	negative
I tend to complain about work	negative
I get demotivated quickly	negative
I feel drained by interactions	negative
I struggle to stay confident	negative
I take criticism personally	negative
I avoid taking risks	negative
I worry about making mistakes	negative
I feel pressure easily	negative
I am skeptical of new ideas	negative
I doubt my decisions	negative
I often feel impatient	negative
I feel stressed in meetings	negative
I get upset when things go wrong	negative
I feel tense most of the time	negative
I react negatively to challenges	negative
I struggle with collaboration	negative
I am cautious about sharing ideas	neutral
I sometimes feel disconnected	neutral
I try to keep my mood steady	positive
I look for opportunities to grow	positive
I stay motivated by progress	positive
I take pride in my work	positive
I encourage others to succeed	positive
I maintain a positive outlook	positive
I try to see the bigger picture	positive
I keep trying even when it’s hard	positive
I am hopeful about outcomes	positive
I take challenges as learning	positive
I stay composed under stress	positive
I focus on what I can control	positive
I try to influence situations positively	positive
I adapt my approach when needed	positive
I remain patient with setbacks	positive
I stay enthusiastic about projects	positive
I take initiative without being asked	positive
I avoid negative thinking	positive
I try not to get discouraged	positive
I focus on solutions rather than complaints	positive
I acknowledge my feelings without dwelling	neutral
I sometimes need guidance	neutral
I tend to watch before acting	neutral
I feel uncertain about new tasks	neutral
I respond calmly most of the time	neutral
I sometimes follow others’ lead	neutral
I am hesitant to speak up	neutral
I wait before making decisions	neutral
I prefer a cautious approach	neutral
I remain reserved in new situations	neutral
I am aware of my reactions	neutral
Yes	positive
No	negative
Sometimes	neutral
Not really	negative
Absolutely	positive
Sure	positive
I enjoy	positive
I dislike	negative
Occasionally	neutral
Definitely	positive
Not at all	negative
Sometimes yes	neutral
Always	positive
Rarely	neutral
I love it	positive
Not my thing	negative
Maybe	neutral
Yes sometimes	positive
Never	negative
Of course	positive
I hate it	negative
I like it	positive
Not often	neutral
I’m unsure	neutral
I prefer not	negative
Absolutely yes	positive
Not much	negative
I enjoy it	positive
No thanks	negative
Sure sometimes	neutral
I like that	positive
Hardly ever	negative
Yes I do	positive
No I don’t	negative
Sometimes no	neutral
I’m indifferent	neutral
Yes always	positive
Not really sure	neutral
Yes mostly	positive
No way	negative
Yeah	positive
Nah	negative
Sometimes yes	neutral
Not much	negative
Totally	positive
I guess	neutral
I enjoy it	positive
Nope	negative
yeah, i usually bring good vibes to parties	positive
not really, i’m more of an observer	neutral
i love being around people, it gives me energy	positive
i prefer small groups instead of big parties	neutral
i’m a bit shy at first, but then i open up	positive
making new friends can be stressful for me	negative
i find it quite easy to connect with others	positive
i usually wait for people to approach me first	neutral
yes, i think people enjoy my company	positive
not really, i prefer quiet evenings	neutral
i enjoy the sun and warm weather	positive
too hot sometimes, i prefer spring	neutral
summer’s great for ice cream and freedom	positive
i don’t enjoy sweating all day	negative
i love the beach and swimming	positive
i sometimes feel lonely in summer	negative
sunny days make me happy	positive
summer is boring without friends	negative
i like summer nights with friends	positive
rainy summer days are depressing	negative
yes, i would help even if it takes time	positive
i think helping others is important	positive
sometimes i don’t have patience to help	negative
i would try to guide them if i can	positive
it depends how busy i am	neutral
yes, because teamwork matters	positive
no, i need my own time	negative
i would explain slowly so they understand	positive
sometimes i get frustrated but still help	neutral
i prefer not to waste my time	negative
i would drink to fit in	neutral
no, i would stick to my choice	positive
i might have one beer but not more	neutral
yes, i enjoy being with friends	positive
no, i feel better not drinking	positive
sometimes i follow others just to socialize	neutral
i would join if it’s a special occasion	positive
i feel stressed if i haven’t started a task	negative
i stay calm and make a plan	positive
i panic a bit but then start working	neutral
i procrastinate until the last minute	negative
i feel motivated when deadline is near	positive
i try to break task into small steps	positive
i get anxious thinking about unfinished work	negative
i make a schedule to manage time	positive
i sometimes ignore it and hope for the best	negative
i focus on one part at a time	positive
yes, i am usually the life of a party	positive
sometimes, depends on mood	neutral
i prefer observing rather than leading	neutral
i enjoy making people laugh	positive
i don’t like big noisy parties	negative
i am shy but open up slowly	positive
i get nervous meeting new people	negative
i make friends easily in school	positive
sometimes i feel awkward introducing myself	negative
i like talking to classmates	positive
i struggle with small talk	negative
summer is my favorite season	positive
i get tired in hot weather	negative
i love sunny days	positive
summer is okay but too hot	neutral
i enjoy swimming in summer	positive
i prefer spring or autumn	neutral
i like summer holidays	positive
hot days make me lazy	negative
sunsets in summer are beautiful	positive
i enjoy long summer evenings	positive
i would definitely help someone eager to learn	positive
i hesitate if it takes too much time	neutral
i try to help when i can	positive
sometimes i say no if i’m busy	neutral
helping others feels rewarding	positive
i avoid helping if it’s too complicated	negative
yes, teamwork is important	positive
i think effort is more important than knowledge	positive
sometimes i get frustrated with mistakes	neutral
i explain things step by step	positive
i stay patient even if it’s slow	positive
i might not drink if i’m tired	positive
i would join friends even if i don’t want to drink	neutral
i sometimes drink just to fit in	neutral
i enjoy socializing without alcohol	positive
i feel fine saying no	positive
i drink occasionally with friends	positive
i would politely refuse if i’m not in the mood	positive
i get nervous if i haven’t started task	negative
i feel stressed but focused	positive
i panic a little and then plan	neutral
i procrastinate but finish in time	neutral
i stay organized to avoid last-minute stress	positive
i feel guilty if i wait too long	negative
i make lists to track progress	positive
i try to stay calm under pressure	positive
i feel lazy at first but then start	neutral
i break big tasks into smaller parts	positive
i like finishing work early	positive
meeting new people is fun	positive
i prefer quiet friends	neutral
i enjoy group activities	positive
i sometimes feel shy	neutral
i like making others laugh	positive
i avoid loud parties	negative
summer is relaxing	positive
i dislike extreme heat	negative
i enjoy cold drinks in summer	positive
i sometimes feel bored during holidays	negative
helping friends is important	positive
i avoid helping if it’s too much	negative
i try to motivate others	positive
i sometimes lose patience	neutral
i value teamwork	positive
Every now	neutral
Love it	positive
Dislike it	negative
Sure do	positive
Not really	negative
Maybe yes	neutral
Yes please	positive
Not at all	negative
I like it	positive
Occasionally	neutral
Definitely yes	positive
Rarely	neutral
I prefer it	positive
Never mind	negative
Yes I like	positive
No I dislike	negative
Sometimes no	neutral
Absolutely yes	positive
No way	negative
I’m okay	neutral
Yes always	positive
Not much fun	negative
I enjoy	positive
Not really sure	neutral
Yes sometimes	positive
No thanks	negative
I’m indifferent	neutral
Yes definitely	positive
Hardly ever	negative
Love that	positive
Not often	neutral
Sure sometimes	neutral
I like that	positive
Nope not	negative
Sometimes yes	neutral
I do	positive
I don’t	negative
Yes I like	positive
No I no	negative
Sometimes yes	neutral
I not sure	neutral
Very like	positive
I not like	negative
Yes I enjoy	positive
No I hate	negative
Maybe yes	neutral
I like very much	positive
Not really	negative
Yes sure	positive
I no like	negative
I like little	neutral
Yes I do	positive
No I do not	negative
I like it much	positive
I no enjoy	negative
Yes I love	positive
I sometime like	neutral
Yes maybe	positive
No maybe not	negative
I like little bit	neutral
Yes I want	positive
No I no want	negative
I like yes	positive
I not like it	negative
Sometimes I yes	neutral
Yes very much	positive
No not like	negative
I enjoy yes	positive
I do not like	negative
Maybe I yes	neutral
Yes I can	positive
No I can’t	negative
I like some	neutral
Yes I happy	positive
No I sad	negative
Sometimes I try	neutral
I like always	positive
No I never	negative
Yes I try	positive
I not try	negative
I like little yes	neutral
Yes I sometimes	positive
No I sometimes	negative
I enjoy little	positive
I no enjoy little	negative
I maybe yes	neutral
Yes I feel good	positive
No I feel bad	negative
Every time	positive
Rarely ever	neutral
Yes mostly	positive
No I don’t	negative
I take it as a learning opportunity most of the time.	positive
I get discouraged and lose motivation fast.	negative
Positive feedback from others always lifts my spirit.	positive
Small wins at work keep me motivated to push forward.	positive
Lack of recognition makes me feel invisible.	negative
Constant repetition of the same tasks demotivates me.	negative
I’m mostly neutral — motivation comes and goes depending on the day.	neutral
I’m content with the balance; I still have energy for personal things.	positive
It’s manageable, but work sometimes spills into my evenings.	neutral
I feel like work consumes everything, leaving no time for myself.	negative
I’m happy that my schedule allows flexibility.	positive
I’ve accepted the imbalance — it’s just part of this career.	neutral
Getting unexpected praise improved my whole mood that day.	positive
A small argument left me feeling uneasy for hours.	negative
I felt peaceful while walking outside after work.	positive
Nothing significant happened; the week was emotionally flat.	neutral
Receiving criticism made me defensive and frustrated.	negative
Constructive feedback makes me feel valued and seen.	positive
I feel misunderstood when feedback is vague.	negative
Encouraging comments boost my confidence to improve.	positive
I appreciate honest but respectful criticism.	positive
Indifferent feedback leaves me unsure of what to change.	neutral
I feel hopeful and curious about what’s coming.	positive
The future feels uncertain but manageable.	neutral
I’m anxious about upcoming responsibilities.	negative
I imagine positive changes that give me motivation.	positive
Honestly, I try not to think too far ahead because it stresses me.	negative
Calm and satisfied.	positive
Tired.	negative
Hopeful.	positive
Uncertain.	neutral
Frustrated.	negative
Motivated.	positive
Bored.	negative
Content.	positive
Stressed.	negative
Peaceful.	positive
Overwhelmed.	negative
Curious.	positive
Indifferent.	neutral
Grateful.	positive
Worried.	negative
Relaxed.	positive
Confused.	neutral
Happy.	positive
Anxious.	negative
Satisfied.	positive
Disappointed.	negative
Focused.	positive
Tense.	negative
Balanced.	positive
Empty.	negative
Encouraged.	positive
Restless.	negative
Appreciated.	positive
Ignored.	negative
Neutral.	neutral
Inspired.	positive
Hopeless.	negative
Thankful.	positive
Numb.	neutral
Energetic.	positive
Drained.	negative
Optimistic.	positive
Pessimistic.	negative
Relaxed after work.	positive
Frustrated by delays.	negative
Everything feels fine.	neutral
Excited for tomorrow.	positive
Worried about the deadline.	negative
Calm morning, busy afternoon.	neutral
Feeling accomplished.	positive
Feeling stuck.	negative
Okay, nothing special.	neutral
Joyful after success.	positive
Disheartened by failure.	negative
Serene evening walk.	positive
Uneasy about change.	negative
I felt really motivated to finish everything on time today.	positive
The constant noise around me made it hard to concentrate.	negative
Things have been running smoothly, and I feel at ease.	positive
It’s just another regular day without much excitement.	neutral
I’m proud of how well I handled that tough conversation.	positive
Everything feels messy and disorganized, and it’s stressing me out.	negative
I’m feeling balanced and calm after completing my work early.	positive
Nothing special happened, just a slow, ordinary kind of day.	neutral
I’m genuinely excited about the new opportunities coming my way.	positive
The workload is overwhelming, and I don’t know where to start.	negative
I’m content knowing I did my best with what I had.	positive
Today felt long, repetitive, and slightly exhausting.	negative
The atmosphere was peaceful, and I managed to stay focused.	positive
I feel uncertain about the decisions I made this morning.	neutral
I’m grateful for my team’s support and collaboration today.	positive
I’m disappointed that my efforts went unnoticed once again.	negative
It was a fairly quiet and uneventful afternoon at work.	neutral
I felt energized after solving that complex technical issue.	positive
I’m anxious about how the results will turn out tomorrow.	negative
I appreciate the small wins that made today feel worthwhile.	positive
I’ve been feeling detached from most things lately, just going through motions.	negative
I’m optimistic that next week will bring better progress and clarity.	positive
The meeting went fine, though nothing particularly inspiring happened.	neutral
I felt appreciated when my supervisor thanked me personally.	positive
Everything seemed to go wrong today, one thing after another.	negative
I feel relaxed now that all the deadlines are behind me.	positive
There wasn’t much to do, but at least it wasn’t stressful.	neutral
I’m inspired by how much I’ve grown in recent months.	positive
I’m upset that my hard work didn’t lead to the outcome I hoped for.	negative
The whole day passed without anything memorable or frustrating happening.	neutral
I feel peaceful knowing I stayed true to my values.	positive
The uncertainty about the future makes me nervous and uneasy.	negative
I managed to stay calm even when things didn’t go as planned.	positive
Nothing new happened, but I’m okay with that.	neutral
I’m thrilled about how well everything aligned this week.	positive
I’m disappointed that I couldn’t finish what I started.	negative
I felt confident and in control during the entire presentation.	positive
It was just a normal workday without any surprises.	neutral
I’m grateful that I had a productive and meaningful conversation today.	positive
I feel drained from all the back-to-back meetings lately.	negative
I’m genuinely proud of how my team handled the project.	positive
The day was fine overall, nothing to complain or celebrate.	neutral
I’m excited for what’s next after seeing some early progress.	positive
It’s been difficult to stay focused with all the distractions around.	negative
I’m feeling hopeful about how things are starting to improve.	positive
I can’t say much changed today; it felt pretty standard.	neutral
I feel happy knowing my efforts made a small difference.	positive
I’m worried I might have made a mistake in my work.	negative
Today felt steady and predictable, which was kind of nice.	neutral
I’m thankful for everyone’s help; it made the day easier.	positive
I’ve been sleeping well lately and waking up feeling refreshed.	positive
My back pain has been acting up again this week.	negative
I feel healthier since I started going on daily walks.	positive
Nothing much changed, my energy levels are about the same.	neutral
I’ve been struggling to stay consistent with my diet lately.	negative
I’m proud that I managed to quit drinking soda completely.	positive
My anxiety has been manageable, which feels like real progress.	positive
The constant headaches are starting to wear me down.	negative
I feel fine physically, just a bit mentally tired.	neutral
I’m thankful that my recovery is going faster than expected.	positive
The medication makes me sleepy but at least it’s working.	neutral
I’ve been feeling more energetic after improving my sleep schedule.	positive
I’m frustrated that my symptoms haven’t improved after all this effort.	negative
Everything seems stable; I just need to maintain the routine.	neutral
I’m glad my test results came back better than last time.	positive
I feel drained and achy, probably just fighting off something.	negative
I’m content knowing I’m finally taking better care of myself.	positive
It’s been a typical week health-wise, nothing out of the ordinary.	neutral
I’m happy that my workouts are starting to show real results.	positive
I’ve been exhausted all day, no matter how much I sleep.	negative
I’m feeling more balanced after making time for stretching and rest.	positive
I can’t complain, my health feels stable and manageable.	neutral
I’m disappointed that I missed another doctor appointment this month.	negative
I feel strong and grateful for my improving fitness levels.	positive
My stress levels have been through the roof this week.	negative
I’m doing okay, just trying to keep my eating habits steady.	neutral
I’m relieved that my blood pressure is finally under control.	positive
I feel sluggish after skipping exercise for a few days.	negative
My body feels good, but mentally I’m still catching up.	neutral
I’m proud I kept my step count up despite the rain.	positive
I’m worried these new symptoms might mean something more serious.	negative
The balance between rest and activity feels much better now.	positive
I haven’t noticed much change since last week’s check-up.	neutral
I feel hopeful after talking with my therapist about progress.	positive
I’ve been constantly tired; I think I’m missing some nutrients.	negative
I’m grateful my immune system has held up through the season.	positive
I feel okay, though I could probably use more movement.	neutral
I’m thrilled that my running endurance improved dramatically this month.	positive
I’m stressed about waiting for the results of my blood test.	negative
My digestion has improved a lot after cutting out junk food.	positive
It’s been an average week, physically nothing major to report.	neutral
I’m happy that I’ve finally gotten back into my yoga routine.	positive
I’m frustrated that this cough still hasn’t gone away.	negative
I’m feeling peaceful after a long walk in fresh air.	positive
My sleep’s been erratic lately, and it’s affecting my focus.	negative
I’m proud of keeping my meal plan consistent all week.	positive
I’m neither better nor worse; my health feels unchanged.	neutral
I’m thankful that my therapy sessions have really started helping.	positive
I’m uneasy about this constant fatigue; it’s getting concerning.	negative
I feel relaxed and physically comfortable today, which feels rare.	positive
I try to follow a healthy diet, but I still crave sweets sometimes.	neutral
I love eating healthy food — it makes me feel energized.	positive
Giving up fast food would be tough; I really enjoy it.	negative
I’d definitely pay more for organic products if I trusted their quality.	positive
Bio products are overrated; I don’t think they’re worth the price.	negative
I eat almost everything; I’m not picky at all.	positive
I’m quite picky when it comes to textures and smells.	negative
Staying home for two days sounds peaceful and relaxing.	positive
Two days indoors would make me restless — I need fresh air.	negative
A weekend at home sounds fine; I like my own company.	neutral
Two weeks on a small cruise boat? Sounds like an adventure!	positive
I’d get seasick, so a long boat trip isn’t for me.	negative
I might enjoy the boat trip if the company is good.	neutral
I don’t wear wigs, but I find them fascinating as fashion.	positive
Wearing wigs is not my thing — it feels unnatural to me.	negative
Spending all day reading at home sounds like heaven.	positive
Reading all day would bore me after a few hours.	negative
A whole day with a book is my perfect recharge time.	positive
Challenges excite me — I love testing my limits.	positive
I prefer my comfort zone; change makes me anxious.	negative
I like challenges, but only when I feel prepared.	neutral
I’m usually the one making people laugh at parties.	positive
I enjoy parties, but I’m not the center of attention.	neutral
Crowded parties drain my energy — I prefer small groups.	negative
Making new friends is easy for me; I love meeting people.	positive
It’s hard for me to open up to strangers.	negative
I find new friendships take time, but I manage eventually.	neutral
I enjoy summer weather — sunshine gives me energy.	positive
Summer is too hot for me; I prefer cooler days.	negative
I like summer evenings, but not the midday heat.	neutral
I’d gladly help someone eager to learn, even if it costs me time.	positive
Helping others takes patience, but it’s worth it.	positive
I’d rather not waste time teaching someone unskilled.	negative
I’d politely explain but focus on my own work.	neutral
If I’m not in the mood for beer, I’d skip it.	neutral
I’d join and have one beer just to fit in.	positive
I wouldn’t drink just to please others.	negative
With a week left before the deadline, I’d plan calmly.	positive
I’d panic a little but still manage to finish on time.	neutral
Deadlines stress me out; I always leave things too late.	negative
A trip to a tropical country sounds exciting and refreshing!	positive
I’d enjoy the beach, but the heat might be too much.	neutral
Hot countries aren’t my thing — I prefer mountains.	negative
I love watersports; they keep me active and happy.	positive
I’d try watersports once, but I’m not passionate about them.	neutral
Watersports seem dangerous — I’d rather stay on the shore.	negative
Eating healthy gives me control and focus for the day.	positive
I sometimes eat junk food when I’m stressed — it’s comforting.	neutral
Healthy food feels restrictive; I prefer to eat what I like.	negative
I try to eat healthy, but when deadlines hit, pizza wins.	neutral
Fast food is tempting after long lab sessions.	negative
Healthy diet sounds good, but I’m too lazy to cook.	negative
I feel great when I actually manage to eat balanced meals.	positive
I can go without sweets for a while, but not coffee.	neutral
I’d pay more for bio stuff if it really tasted better.	positive
Organic food is cool, but student budget says no.	negative
I don’t really care if it’s bio or not — just not expired.	neutral
I eat almost everything unless it’s too spicy.	positive
I’m not picky, but cafeteria food sometimes tests my patience.	neutral
I like trying new cuisines; it’s part of the fun.	positive
I’d rather stick to what I know — experimenting with food can go wrong.	negative
Two days inside sounds perfect — finally time for Netflix and code.	positive
I’d probably go crazy staying home two days straight.	negative
Lockdown-style weekend? Fine if I’ve got snacks and stable Wi-Fi.	neutral
Two weeks on a small boat? Sounds like a coding retreat.	positive
Boats are fine until the Wi-Fi drops — then it’s pain.	neutral
I’d rather not; small boats make me dizzy.	negative
Never worn a wig, but could be fun for cosplay.	positive
Wigs seem weird to me — not my style.	negative
I’d only wear a wig for a costume party.	neutral
A full day with a good book sounds peaceful.	positive
Reading all day? Sure, if it’s sci-fi or tech-related.	positive
I’d rather play games than read all day.	negative
I get bored reading unless it’s about engineering or AI.	neutral
I like challenges; they keep my brain working.	positive
Comfort zone? Not when there’s a new project to try.	positive
I prefer to stay in my comfort zone when I’m overloaded.	negative
Depends on the challenge — I like realistic ones.	neutral
I’m usually not the loudest at parties, but I have fun.	neutral
I’m more of the DJ guy than the life of the party.	positive
I’d rather stay home and chill than party hard.	negative
Making new friends is easy if we share tech interests.	positive
It’s hard to connect with people outside of my circle.	negative
I don’t make friends quickly, but once I do, it lasts.	neutral
I enjoy summer — long days, beach, and fewer classes.	positive
Summer’s fine, but the heat kills my motivation.	negative
I like summer evenings for walks or coding outside.	neutral
I’d definitely help someone eager to learn, even if it takes time.	positive
Helping others is part of teamwork — I don’t mind.	positive
I’d help if it doesn’t ruin my own deadlines.	neutral
I hate wasting time on people who don’t even try.	negative
If I don’t feel like drinking, I’ll just grab a soda.	neutral
I’d join and have one beer — it’s about being social.	positive
I wouldn’t drink just because others do — not worth it.	negative
One week before deadline? Still plenty of time — classic student logic.	neutral
Deadline in a week? I’ll start tomorrow, maybe.	negative
I like pressure — it boosts my productivity before deadlines.	positive
A tropical trip? Awesome! I need some vitamin D after the semester.	positive
Sounds nice, but I’d probably burn instantly.	negative
Hot countries are cool for photos, not for living.	neutral
Watersports sound awesome — I love physical challenges.	positive
I’ve tried kayaking once; it was fun but exhausting.	neutral
Nope, watersports are not my vibe.	negative
Healthy food keeps me focused during exam season.	positive
I try to meal-prep, but takeout is faster.	neutral
I eat healthy for a week, then fall back into kebabs.	negative
Bio products feel like a scam unless proven otherwise.	negative
If bio food has better macros, I’m in.	positive
I don’t mind paying more for quality ingredients.	positive
I can eat anything as long as it’s warm.	neutral
Picky? Only when food looks suspicious.	negative
Two days home? That’s just a normal coding weekend.	positive
After two days indoors, I’d need a serious walk.	negative
I could spend two days gaming and still feel fine.	neutral
A small cruise sounds relaxing — like a mobile vacation.	positive
Small boats freak me out — too claustrophobic.	negative
Depends on the boat; if it’s comfy, sure.	neutral
Never worn a wig, but it could be funny in class.	positive
I’d never wear one — feels fake.	negative
If it’s for a project or fun event, why not.	neutral
Reading at home all day is basically my recovery plan.	positive
I get bored fast; I need something interactive.	negative
Books are fine, but I prefer podcasts.	neutral
I take challenges if they teach me something new.	positive
Challenges are fine until I run out of coffee.	neutral
I avoid unnecessary stress — life’s already hard enough.	negative
I’m not the life of the party, but I enjoy observing.	neutral
I love hosting parties — organizing stuff is my thing.	positive
Loud parties are not for me.	negative
Making friends is easy during group projects.	positive
I struggle with small talk; I prefer deep topics.	negative
It depends — I click with people who share my humor.	neutral
Summer is great for outdoor coding and ice cream.	positive
Too hot to think properly in summer.	negative
Summer’s fine if there’s air conditioning.	neutral
I’d spend extra time helping a motivated teammate.	positive
I’d help only if it’s a team assignment.	neutral
Helping someone with no clue frustrates me.	negative
If I’m not in the mood for beer, I skip it.	neutral
I’d drink one to join in, then switch to water.	positive
I don’t drink — no point pretending.	negative
Deadline in a week? I’ll plan and start early.	positive
Deadline in a week? Panic loading in 3...2...1.	negative
I’ll manage — caffeine and all-nighters will save me.	neutral
Tropical trip? Sounds like a perfect photo op.	positive
Hot weather? Meh, I’d rather explore the city than sunbathe.	neutral
No thanks, I melt above 25°C.	negative
I love surfing and anything involving the sea.	positive
Watersports are okay on vacation, not as a hobby.	neutral
I’m not into watersports — too much effort.	negative
I try to eat healthy but sometimes just no time.	neutral
Healthy diet is cool but fast food is faster.	negative
I eat good when my mom visit, else not so much.	negative
I feel proud when I skip sweets for a week.	positive
I’d like to eat bio but wallet say no.	neutral
Bio food is too expencive for me now.	negative
If I had more cash I’d buy more eco stuff.	positive
Organic things taste same for me, no diffrence.	neutral
Im not picky, I eat almost anything edible.	positive
I dont like fish, so yeah bit picky I guess.	neutral
Im super picky when food look strange.	negative
I like trying new foods when I travel.	positive
2 days inside? fine, got projects to code anyway.	positive
I would die of boredom if I stay inside that long.	negative
Staying home 2 days = perfect for games and netflix.	positive
Small cruise boat? sounds chill if WiFi works.	neutral
Boats? nah, I get dizzy even on tram.	negative
I love sea so cruise sounds like dream.	positive
Never used wig but could be fun in cosplay.	positive
Wigs look kinda fake, not my thing.	negative
Maybe for joke or party I would wear one.	neutral
Reading whole day? yeah I do that sometimes.	positive
I cant read that long, I fall asleep fast.	negative
I like book days, it’s calm and quiet.	positive
Reading too much make me sleepy lol.	neutral
Challenges are nice, I like test my limits.	positive
I dont like risk, I stay in my comfort zone.	negative
Depends what kind of challenge, not all are worth.	neutral
I love being the one who start the party.	positive
Im not loud but I enjoy parties a lot.	neutral
I hate loud music so parties not for me.	negative
Making new friends easy if we talk about tech.	positive
I dont talk first, so not easy for me.	negative
Usually need some time to open up to ppl.	neutral
I love summer, more light more energy.	positive
Too hot in summer, can’t focus on anything.	negative
Summer is ok, but prefer spring more.	neutral
I like helping others, feels good to teach something.	positive
If person really try, I help even if busy.	positive
I help sometimes but not always, depend mood.	neutral
I dont like waste time for ppl who dont care.	negative
If not in mood I just dont drink beer.	neutral
I take one beer just to join the group.	positive
I wont drink if I dont feel like it, simple.	negative
Deadline in week? chill, still 6 days left.	neutral
Deadline soon? time for panic and coffee.	negative
I work better under pressure, so one week is fine.	positive
Trip to tropical place? yes please, sun and beach!	positive
Too hot there probably, I burn easy.	negative
Hot countries ok, but prefer sightseeing not sunbathing.	neutral
Watersports are awesome, I like surf and swim.	positive
I tried kayaking once, was ok but tiring.	neutral
I dont like water sports, too much energy.	negative
Healthy eating helps me focus on projects.	positive
I skip meals often so diet? what diet.	negative
I try eat better lately, small steps.	neutral
Bio food taste same to me, just cost more.	negative
If eco food better for planet, I’d pay more.	positive
I buy bio sometimes when discount only.	neutral
Im not picky but avoid canteen food sometimes.	neutral
I eat everything when hungry, no time for picky.	positive
Some foods just make me sick, so I skip them.	negative
2 days home? normal weekend for me lol.	positive
I get crazy if stay home too long.	negative
As long I have laptop, I dont need outside.	neutral
Cruise trip sounds fun, I’d take camera and chill.	positive
Small boat too scary, not much space.	negative
Would go if friends go, not alone.	neutral
Never wore wig but looks funny in memes.	positive
Feels weird to wear someone elses hair.	negative
Could wear one for halloween maybe.	neutral
Whole day with book? nice break from coding.	positive
Reading too long hurts my eyes.	negative
Book day sounds peaceful when no deadlines.	neutral
I like challenges, they keep brain alive.	positive
Depends on how tired I am, sometimes no thanks.	neutral
I avoid stress when I can, comfort zone good.	negative
I make ppl laugh at parties, good vibes.	positive
I go to party but stay quiet mostly.	neutral
Too much noise, not my type of fun.	negative
Making friends is fine if someone start talk first.	positive
Hard to make new ones, I overthink too much.	negative
Takes time but I manage to connect.	neutral
Summer = beach, icecream, and chill.	positive
Too sunny, I hide inside with fan on.	negative
Summer ok, but I hate sweating.	neutral
I like help classmates with code problems.	positive
I help only when I have free time.	neutral
If someone lazy, I dont waste time helping.	negative
If no mood for beer, I take cola instead.	neutral
I’d join with small beer just to vibe.	positive
I dont drink alcohol, no point.	negative
Deadline next week? still enough time to procrastinate.	neutral
Deadlines stress me, but I always finish somehow.	positive
Deadlines kill me every time, I never learn.	negative
Tropical trip sounds perfect after exams.	positive
Too humid there, I hate sweating.	negative
Tropical places cool, but prefer mountains.	neutral
Watersports fun, I’d try surfing someday.	positive
I like swimming but not extreme stuff.	neutral
I cant swim so no water sports for me.	negative
I try eat healthy but sometimes fail.	neutral
Too lazy to cook healthy stuff.	negative
Healthy food keeps me more awake.	positive
No sweets is impossible, sorry.	negative
Bio food? only if cheap.	neutral
Would pay more if it tastes better.	positive
Bio is scam tbh.	negative
Not picky, I eat almost all.	positive
Little picky with soups lol.	neutral
I hate olives, so yeah picky.	negative
Two days home? perfect rest.	positive
Cant stay inside that long.	negative
I like quiet weekends home.	neutral
Small boat trip? sounds fun.	positive
Boats make me sick, nope.	negative
Maybe if friends go too.	neutral
Never wear wig but maybe cosplay.	positive
Wigs are weird ngl.	negative
Only for fun maybe.	neutral
Reading all day? nice vibe.	positive
Too long reading = sleep.	negative
I like chill days with books.	positive
Books ok but boring fast.	neutral
Love challenges, bring it on.	positive
Prefer no stress please.	negative
Depends how hard it is.	neutral
Im not party guy.	negative
I enjoy parties sometimes.	neutral
Love parties with good music.	positive
Making friends easy with memes.	positive
Hard talk to new ppl.	negative
Need time to open up.	neutral
Summer great for beach.	positive
Too hot in summer ew.	negative
Summer fine with cold drink.	neutral
I help if someone tries.	positive
I help when I have time.	neutral
I dont like lazy ppl.	negative
Not in mood = no beer.	neutral
I drink to join group.	positive
I skip beer, no reason.	negative
Deadline? still plenty time.	neutral
Deadline close, panic time.	negative
Work best under pressure.	positive
Tropical trip? sounds great.	positive
Too hot for me lol.	negative
Cool but prefer mountains.	neutral
Watersports are awesome.	positive
Not for me, too wet.	negative
Maybe try once.	neutral
Healthy food good for brain.	positive
I forget to eat sometimes.	negative
I try eat better lately.	neutral
Bio food same as normal.	neutral
Eco food nice idea.	positive
Too expencive for student.	negative
I eat anything with sauce.	positive
Food picky? not really.	neutral
Hate mushrooms, always.	negative
2 days home = heaven.	positive
Cant stay locked that long.	negative
Fine if got internet.	neutral
Cruise trip cool idea.	positive
I’d get seasick fast.	negative
Maybe if big boat.	neutral
Never wig but fun maybe.	positive
Feels fake, no thanks.	negative
Only for party ok.	neutral
Reading day = peace.	positive
Book long = sleep soon.	negative
Nice to relax with novel.	neutral
Challenge accepted anytime.	positive
No risk pls.	negative
Depends on project.	neutral
Im life of party.	positive
I stay quiet mostly.	neutral
Parties too loud.	negative
Friends easy if same vibe.	positive
Hard to trust new ppl.	negative
I open up slow.	neutral
Summer = beach + icecream.	positive
Hate heat in summer.	negative
Love summer nights.	neutral
I like help others.	positive
Help when not busy.	neutral
Dont help lazy ones.	negative
No mood no beer.	neutral
Drink one to vibe.	positive
No drink, no problem.	negative
Deadline = caffeine mode.	positive
Deadline next week chill.	neutral
Deadline soon, I’m doomed.	negative
Tropical place = paradise.	positive
Hot country no thanks.	negative
Nice but too humid.	neutral
Watersports = fun time.	positive
No thanks, I can’t swim.	negative
I’d try kayaking once.	neutral
Healthy = more energy.	positive
Fastfood wins often.	negative
Trying to be fit.	neutral
Bio not worth extra.	negative
Eco stuff cool tho.	positive
I buy cheap version.	neutral
I eat what I find.	neutral
Food picky? nah.	positive
I skip veggies sometimes.	negative
Stay home = coding time.	positive
Need air after 1 day.	negative
Home is comfy enough.	neutral
Cruise? yes please.	positive
Small boat no space.	negative
Depends on weather.	neutral
Wig? nah bro.	negative
Cosplay one day maybe.	positive
Only for joke.	neutral
Book day good rest.	positive
Reading boring fast.	negative
Book + coffee = chill.	positive
Challenge makes me grow.	positive
No stress today pls.	negative
Depends on subject.	neutral
Love parties with friends.	positive
I go but stay quiet.	neutral
Too loud for me.	negative
Friends easy at uni.	positive
New ppl make me shy.	negative
Takes time to connect.	neutral
Summer = good mood.	positive
Too hot can’t think.	negative
I like warm days.	neutral
Help classmate anytime.	positive
Only help if asked.	neutral
No time to help now.	negative
Beer? not today.	neutral
Join for one drink.	positive
I skip it, no mood.	negative
Deadline? I got plan.	positive
Deadline stress lol.	negative
Still have time bro.	neutral
Tropics = dream trip.	positive
Too far and hot.	negative
Nice view tho.	neutral
Love swimming sports.	positive
Scared of deep water.	negative
Maybe snorkeling someday.	neutral
Healthy diet works.	positive
No time for diet.	negative
Trying sometimes.	neutral
Bio food rocks.	positive
Overpriced bio meh.	negative
Maybe try later.	neutral
Eat anything edible.	positive
Avoid weird food.	negative
Not picky at all.	neutral
2 days home = nap.	positive
I get bored fast.	negative
Fine with games inside.	neutral
Cruise nice adventure.	positive
Boat small, no way.	negative
If sea calm, ok.	neutral
Wig funny thing.	positive
Weird idea tbh.	negative
Maybe costume use.	neutral
Book day cool.	positive
Cant focus long.	negative
Chill reading vibe.	neutral
I like challenges.	positive
Prefer easy tasks.	negative
Depends situation.	neutral
I love parties.	positive
I enjoy few only.	neutral
Avoid crowds.	negative
Friends easy talk.	positive
Hard talk strangers.	negative
Slow to trust.	neutral
Summer awesome time.	positive
Too sunny ugh.	negative
Ok with shade.	neutral
Help friend coding.	positive
Sometimes help.	neutral
Not always help.	negative
Beer maybe one.	positive
Skip beer night.	neutral
Never drink.	negative
Deadline ok chill.	neutral
Deadline panic soon.	negative
Work fast end.	positive
Trip awesome.	positive
Too hot.	negative
Fine weather.	neutral
Watersport fun.	positive
Too cold.	negative
Maybe later.	neutral
Healthy diet? trying my best tbh.	neutral
Hard to skip sweets ngl.	negative
Healthy food = better focus imo.	positive
No fast food? impossible lol.	negative
I try eat clean, kinda.	neutral
Bio food too pricy for me.	negative
Would pay more for real bio.	positive
Bio? idk if worth tbh.	neutral
I eat all, not picky.	positive
Bit picky when it’s fish.	neutral
I hate mushrooms, sorry.	negative
I like all food basically.	positive
2 days home? easy.	positive
Can’t sit home that long omg.	negative
Weekend inside fine if laptop works.	neutral
Cruise? sounds awesome ngl.	positive
Boats? nope, seasick instantly.	negative
Maybe if WiFi onboard.	neutral
Never wore wig lol.	neutral
Wigs cool for cosplay.	positive
Feels weird, not my vibe.	negative
Book day = perfect.	positive
Reading whole day? nah.	negative
Good book + tea = heaven.	positive
Depends what book tbh.	neutral
Love new challenges.	positive
Hate unnecessary stress.	negative
Depends if fun or not.	neutral
Im not party person.	negative
Sometimes I go, sometimes not.	neutral
Love parties w/ friends.	positive
I make friends fast lol.	positive
Kinda shy at first.	neutral
Hard to meet ppl sometimes.	negative
Summer = beach mode.	positive
Too hot, can’t think.	negative
Summer ok, but prefer autumn.	neutral
Always help motivated ppl.	positive
I help only if time.	neutral
Not wasting time on lazy ones.	negative
No mood = no beer.	neutral
Drink one to join friends.	positive
Skip drinking, just chill.	negative
Deadline soon? panic mode.	negative
Still time, no stress yet.	neutral
Deadline pressure boost me.	positive
Tropical trip? dream come true.	positive
Too hot for me bro.	negative
Looks nice tho.	neutral
Watersports = fun af.	positive
I can’t swim, so no.	negative
Maybe try once w/ friends.	neutral
Healthy food good for brain.	positive
I eat junk when tired.	negative
Trying to balance diet.	neutral
Bio stuff overrated imo.	negative
Eco food cool idea tho.	positive
Maybe when I earn more.	neutral
Not picky eater at all.	positive
Some food texture just ew.	negative
Depends on the smell.	neutral
2 days home = gaming time.	positive
I get bored after few hrs.	negative
Fine if I got netflix.	neutral
Cruise small boat? sounds cool.	positive
Would puke after 1h lol.	negative
If sea calm, maybe.	neutral
Never tried wig before.	neutral
Wig cosplay? maybe someday.	positive
No wigs pls.	negative
Book + coffee = peace.	positive
Reading long = sleepy fast.	negative
Depends on story tbh.	neutral
Challenge accepted always.	positive
No mood for challenges rn.	negative
Depends what kind of challenge.	neutral
Love being party starter.	positive
I chill in corner mostly.	neutral
Crowds = headache lol.	negative
Easy make friends at uni.	positive
Idk how to start convo.	negative
answer,sentiment
I really do like doing that	positive
"usually yeah, but depends on a day"	neutral
tbh no	negative
they are too hot for me lately	negative
"yeah, especially in a sea"	positive
Most eager	positive
Sure	positive
Maybe	neutral
I dont really like it	negative
Yes	positive
"Not a lot, i find some of it confusing."	neutral
Yes	positive
Yes	positive
They are nice if you have air conditioning in your home.	neutral
Yes	positive
Very eager	positive
"Mam wtedy takie ""japierdole"""	negative
Oh hell nah	negative
Sweaty	negative
Good recommend	positive
NO XFDDD	negative
very	positive
excitement	positive
yes	positive
don't mind them	neutral
they're cool	positive
sometimes	neutral
very much like it	positive
Usually pretty eager	positive
Excitement but sometimes stress	neutral
Not really	negative
Too hot	negative
I do love swimming from time to time	positive
It depends	neutral
Sound fun but only if water is clean and warm	neutral
Very eager	positive
"Happiness, Excitement, Shyness"	positive
I think I can	neutral
"Amazing, I love hot summer days"	positive
They are okay but I’m not into them	neutral
"Yes, I like doing what other people like"	positive
Im not a huge fan	negative
5/10	neutral
I'm neutral - it depends what type of person they are	neutral
Yes (I eat them a few times a year already anyway)	positive
I hate summer	negative
"Haven't done any beside normal swimming, which I like"	positive
Depends how contradicting it is with my pov	neutral
It's fine	neutral
Somewhat.	neutral
Fear and hunger.	negative
That's basically how I already live.	neutral
Too hot is bad.	negative
Positive.	positive
"No, rarely."	negative
I love it.	positive
not rly eager	negative
"excitement, sometimes disguist"	neutral
"obviously, I do not rly like their taste (i'm a salad girlie throw and throw)"	negative
r;ly rly hate them. Hate the sweat!! (I'm an ice swimming girlie)	negative
Love them but they are super duper expensive to do regulary so i choose other sports	neutral
"Sometimes, depends if i agree with them"	neutral
Love swimming as long as there r no sharks and the water is below 18deg (otherwise I feel like i'm swimming in piss)	positive
A bit	neutral
Stress	negative
No	negative
Hate it	negative
Not a fan	negative
Not really	negative
I like it	positive
I am very eager	positive
"Excitment, i like to be a clown and a leader of new groups, when noone know each other. But when im the only new one in the envoirnment it can be overwhelming"	neutral
"Yes, my diet is very clean now"	positive
"I like them, but running can be harsh these days"	neutral
I dont mind them. I did swimming for couple months and its okay	neutral
I often lead the way with stupid ideas but sometimes I go along	neutral
"I prefer it in pools, im scared of doing it in natural bodies of water"	neutral
If the technology provides useful for me operations - then I would like to learn it as fast as possible. In general I have medium eager to learn some new technologies.	positive
"For me, it's always something between uncertainty, a desire to study them, try to find common themes and ideas, and develop areas of communication"	neutral
"It's easy, even if they are delicious, but that's only part of what we can taste"	neutral
"Quite pleasant, but if the sun is baking for a long time, then not so much"	neutral
"I think it's a good sport, but I don't do it"	neutral
"Depends on the situation. Sometimes it annoys me, but mostly I don't care"	neutral
"I think it feels quite pleasant and helps the body, but I haven't had any experience with it"	neutral
Very eager	positive
"Happiness, excitement, fear"	neutral
Kind of yes	neutral
I LOVE THEM	positive
not a fan	negative
pretty often	neutral
"I love swimming, I love pools, I love ocean"	positive
it’s alright	neutral
i guess i’m fine?	neutral
i guess if i was born without them existing then i wouldn’t ever i them??? what is this stupid question?????	negative
ok	neutral
meh	neutral
idk?…. depends on what i wanna do	neutral
ok i guess?	neutral
average	neutral
excitement and anxiety	neutral
no i love mcdonalds	positive
"i love them, best days"	positive
i like them but i prefer winter sports	neutral
i try to	neutral
i love swimming!	positive
Not so much	negative
Anxiety	negative
Yes	positive
Tired	negative
I don’t have an opinion	neutral
Yes	positive
Worried	negative
not eager	negative
"curiosity, anxiety"	neutral
no	negative
love them	positive
I think they are cool	positive
I think so	neutral
I like it	positive
Obscenely	positive
Mortal dread	negative
"Vividly, I need only recall any single day of my existence."	negative
"Deep, visceral hatred"	negative
ok	neutral
Reasonably	neutral
Is nice	positive
I love learning about new technologies!	positive
"Excited and curious probably, although I'm not really outgoing."	positive
"I can, quite easily really, as I don't really consume them regardless, aside from occasional hot dog here and there."	neutral
"It depends on what you mean by ""hot"". To a certain temperature it's fine, but like 27+ °C are not that enjoyable for me."	neutral
I'm indifferent to them.	neutral
Not really.	negative
"Well, the answer depends on wheter yoy mean pools or natural bodies of water. I have no issue with swimming in a pool, but I don't think I would want to swim in a lake."	neutral
very	positive
it depends	neutral
yes	positive
great	positive
fine	neutral
no	negative
pools	neutral
"quite eager, but i fear i won't understand it"	neutral
"happiness and curiosity, but i stress a lot"	neutral
yes	positive
"all right, sometimes tired from the heat"	neutral
"pleasant time, relaxing, not so much weight on your body while working out"	positive
"yes, i usually want the other person/people to have a pleasant time, also i don't really care, my priority is spending time with the person/people"	positive
"good but exhausting after a short time, so challenging in a good way"	positive
"I'm trying to be up to date to do my work efficiently, but it's comfortable to use already known tools"	neutral
"Initially I'm either ok with meeting them or too tired at that moment. After a bit of conversation I'm starting to feel how well we get along, so it might be interesting, refreshing, pleasant or awkward, tiring, tense. I don't think any of theese is more usual than others"	neutral
"Quite easily, I don't eat them very often"	neutral
"Sunny, pleasant, inspiring (vivid colors, no rain or cold deterring from going outside)"	positive
I don't like swimming but I'd probably love diving and boat-related sports are interesting	neutral
"It's quite a broad question. I like group spontaneity. In other contexts, I am often non-conformist or can be stubborn with my decisions"	neutral
Too boring to justify the effort	negative
Eager	positive
"Excitment, positive stress"	positive
No	negative
If they are rare then i don't mind	neutral
Never participated but i think they would be enjoyable	positive
"Sometimes, but i can be quite stubborn"	neutral
I really enjoy it	positive
Yes very much	positive
"Fear and stress, I would die"	negative
"No no, fast food good"	positive
Mmm sun is frying	negative
Very much good	positive
Me very much alone wolf	neutral
I like	positive
I dont like but I have to.	negative
Nothing	neutral
No!	negative
I hate hight temperatures. The spring is the best seson.	negative
Too expensive	negative
Never!	negative
Free	positive
I talk only when comfy.	neutral
Summer rocks! beach + chill.	positive
Too sweaty in summer.	negative
I like evenings more.	neutral
I help people who care.	positive
I help if asked nicely.	neutral
Lazy ppl no thanks.	negative
If not in mood, skip beer.	neutral
Join for one drink max.	positive
I don’t drink, period.	negative
Deadline? still okay rn.	neutral
Deadline close = coffee overdose.	negative
Work better under stress ngl.	positive
Trip to tropics = yesss.	positive
Too humid there, nah.	negative
Would go just for photos.	neutral
Watersports look fun af.	positive
Nope, hate cold water.	negative
Maybe paddleboard idk.	neutral
Healthy meals make me sharp.	positive
Hard keep diet on budget.	negative
Trying slow changes.	neutral
Bio = marketing trap.	negative
Organic sounds fancy tho.	positive
I just buy cheap food.	neutral
Eat what I find lol.	neutral
Not picky, just hungry.	positive
Avoid weird stuff tbh.	negative
Can’t eat seafood ew.	negative
Stay home = chill zone.	positive
Need walk after day 1.	negative
Fine if coding all day.	neutral
Cruise = vibe trip.	positive
Small boat? no privacy.	negative
Depends who’s going.	neutral
Wigs funny ngl.	positive
Never wearing that fr.	negative
Maybe for fun day.	neutral
Books good escape.	positive
Reading bores me fast.	negative
Only if sci-fi book.	neutral
Challenge me bro.	positive
Too tired 4 that.	negative
Depends mood lol.	neutral
I hype up parties.	positive
I like quiet ones.	neutral
Parties drain energy.	negative
Making friends easy af.	positive
Hard talk w strangers.	negative
Takes time to trust ppl.	neutral
Summer = vibes only.	positive
Summer too bright omg.	negative
Like late evenings.	neutral
Love help in group.	positive
Help when not busy af.	neutral
No help for lazy dudes.	negative
Beer? depends on day.	neutral
One beer ok, not more.	positive
I dont drink, no reason.	negative
Deadline far, all good.	neutral
Deadline next week = ok.	neutral
Deadline tomorrow = rip.	negative
Deadline soon = focus time.	positive
Tropics = paradise man.	positive
Too hot, no thanks.	negative
Maybe later idk.	neutral
Watersports cool hobby.	positive
Too risky, no way.	negative
I’d watch not join.	neutral
Healthy stuff = good vibes.	positive
Cant resist burgers tho.	negative
Trying balance diet rn.	neutral
Bio food fine if real.	positive
No money 4 that yet.	negative
Sometimes buy eco milk.	neutral
Eat all, not picky.	positive
Dislike onions only.	negative
Whatever, food is food.	neutral
2 days home? perfect break.	positive
Need outside after 1 day.	negative
Ok with PC and snacks.	neutral
Cruise idea sounds fun.	positive
Sea makes me dizzy.	negative
Maybe if calm weather.	neutral
Never wig user lol.	neutral
Maybe cosplay wig someday.	positive
Feels weird wearing one.	negative
Reading day = perfect mood.	positive
Cant focus that long.	negative
Book chill sometimes.	neutral
Love challenges, why not.	positive
Avoid stress if possible.	negative
Depends time and mood.	neutral
Life of party sometimes.	positive
I like smaller meetups.	neutral
I hate loud ppl.	negative
Friends come easy at uni.	positive
Im awkward sometimes.	negative
Need common interests.	neutral
Summer = grill + lake.	positive
Too many mosquitos lol.	negative
I like warm breeze.	neutral
Help others, always.	positive
Sometimes too lazy help.	neutral
Dont help strangers.	negative
Beer optional.	neutral
Join group drink maybe.	positive
No drink for me.	negative
Deadline fine atm.	neutral
Deadline soon, time rush.	negative
Work fast when pressure.	positive
Trip tropic = awesome.	positive
Too far and hot.	negative
Would go once.	neutral
Watersports = adrenaline!	positive
No swimming skill, nope.	negative
Might try surf someday.	neutral
Eat veggies now more.	positive
Skip breakfast often.	negative
Trying improve diet.	neutral
Bio stuff nice idea.	positive
Overrated and expensive.	negative
Buy normal anyway.	neutral
Eat fast between labs.	neutral
Not picky at all fr.	positive
Avoid cafeteria food lol.	negative
Home 2 days = relax.	positive
Gets boring after day.	negative
Fine w Netflix tho.	neutral
Cruise cool if long.	positive
Small boat scary.	negative
Depends people onboard.	neutral
Wigs? nah, weird.	negative
Could try for fun.	positive
Never thought about it.	neutral
Book day = chill time.	positive
Reading too long hurts eyes.	negative
Maybe one chapter ok.	neutral
Challenge = growth imo.	positive
No thanks, too tired.	negative
Depends how big one.	neutral
Party mood sometimes.	positive
Not in mood always.	neutral
Crowded parties suck.	negative
Easier make friends online.	positive
Too shy irl.	negative
Need time to open.	neutral
Summer = sunshine vibes.	positive
Hate sweating all day.	negative
Evenings best time.	neutral
I help team always.	positive
If free I help.	neutral
Not my problem bro.	negative
Beer ok sometimes.	positive
No mood, skip it.	neutral
Dont like beer taste.	negative
Deadline soon, coffee ready.	positive
Deadline fine atm.	neutral
Always late lol.	negative
Trip tropic sounds dope.	positive
Too sunny for me.	negative
Depends season.	neutral
Watersports fun time.	positive
Hate cold water tbh.	negative
I try next summer.	neutral
Eat more fruits now.	positive
Fast food addiction lol.	negative
Trying moderation rn.	neutral
Bio food sometimes ok.	positive
Overhyped imo.	negative
Buy cheap alt.	neutral
Eat everything i can.	positive
Avoid seafood ew.	negative
Not picky much.	neutral
Stay home comfy.	positive
Need go out soon.	negative
Fine w laptop only.	neutral
Cruise = yes pls.	positive
Small boat cramped.	negative
Depends trip length.	neutral
Wig? maybe lol.	positive
Weird thing ngl.	negative
For fun ok.	neutral
Book time = relax.	positive
Too boring sometimes.	negative
One hour max.	neutral
Challenge fun stuff.	positive
Too lazy rn.	negative
Maybe later.	neutral
I like parties.	positive
Sometimes skip them.	neutral
Too noisy lol.	negative
Friends easy chat.	positive
Social anxiety meh.	negative
Takes me time.	neutral
Summer = sea + chill.	positive
Too bright outside.	negative
Love summer mood.	neutral
Help in group work.	positive
If ask nice, sure.	neutral
Dont bother me pls.	negative
Beer time maybe.	positive
No beer today.	neutral
Never drink alcohol.	negative
Deadline ok now.	neutral
Deadline near = chaos.	negative
Work faster soon.	positive
Trip tropic = wow.	positive
Too warm for me.	negative
Maybe later trip.	neutral
Watersport rocks.	positive
yeah, i usualy bring good vibes to parties	positive
not realy, i’m more of an observer	neutral
i love being around peple, it gives me energy	positive
i prefer smal groups instead of big parties	neutral
i’m a bit shy at frst, but then i open up	positive
making new friends can be stresful for me	negative
i find it quite easy to conect with others	positive
i usually wait for people to aproach me first	neutral
yes, i think peple enjoy my company	positive
not really, i prefer qiet evenings	neutral
i enjoy the sun and warm weater	positive
to hot sometimes, i prefer spring	neutral
summers great for ice cream and freedom	positive
i dont enjoy sweating all day	negative
i love the bech and swimming	positive
i sometimes feel lonely in sumr	negative
suny days make me happy	positive
summer is boring withut friends	negative
i like summer nights with frends	positive
no, i need my own time	negative
i would explain slowly so they undrstand	positive
sometimes i get frustrted but still help	neutral
i prefer not to wast my time	negative
i would drink to fit in sometimes	neutral
no, i would stik to my choice	positive
i might have one beer but not mor	neutral
yes, i enjoy being with frends	positive
no, i feel better not drinking	positive
sometimes i follow others just to socilize	neutral
i would join if its a special occasion	positive
i feel stresed if i havent started a task	negative
i stay calm and make a pln	positive
i panic a bit but then start working	neutral
i procrastinate untill the last minute	negative
i feel motivted when deadline is near	positive
i try to break task into small stepps	positive
i get anxious thinking about unfnished work	negative
i make a scheduel to manage time	positive
i sometimes ignor it and hope for the best	negative
i focus on one part at a time	positive
yes, i am usually the life of party	positive
sometimes, depends on mood	neutral
i prefer observing rather than leading	neutral
i enjoy making peple laugh	positive
i dont like big noisy parties	negative
i am shy but open up slo	positive
i get nervus meeting new people	negative
i make frends easily in school	positive
sometimes i feel awkard introducing myself	negative
i like talking to classmats	positive
i struggle with small tok	negative
summer is my favrite season	positive
i get tired in hot weater	negative
i love sunny days	positive
summer is ok but too hot	neutral
i enjoy swimming in sumr	positive
i prefer sprng or autumn	neutral
i like summer holydays	positive
hot days make me lzy	negative
sunsets in summer are beutiful	positive
i enjoy long summer evnings	positive
i would definetly help someone eager to learn	positive
i hesitate if it takes too much time	neutral
i try to help when i can	positive
sometimes i say no if i’m bsy	neutral
helping others feels rewording	positive
i avoid helping if its too complicted	negative
yes, teamwork is importnt	positive
i think effort is more importnt than knowledge	positive
sometimes i get frustated with mistakes	neutral
i explain things step by step	positive
i stay patient even if its slo	positive
i might not drink if i’m tired	positive
i would join frends even if i dont want to drink	neutral
i sometimes drink just to fit in	neutral
i enjoy socializing without alchol	positive
i feel fine saying no	positive
i drink occasinally with friends	positive
i would politely refuse if i’m not in mood	positive
i get nervus if i havent started task	negative
i feel stresed but focused	positive
i panic a little and then pln	neutral
i procrastinate but finish in tim	neutral
i stay organized to avoid last-minut stress	positive
i feel guilty if i wait too long	negative
i make lists to track progess	positive
i try to stay calm under presure	positive
i feel lazy at first but then start	neutral
i break big tasks into smal parts	positive
i like finishing work erly	positive
meeting new peple is fun	positive
i prefer quiet frends	neutral
i enjoy group activites	positive
i sometimes feel shy	neutral
i like making others laugh	positive
i avoid loud parties	negative
summer is relaxing	positive
i dislike extrme heat	negative
i enjoy cold drinks in summer	positive
i sometimes feel bored during holydays	negative
helping frends is important	positive
i avoid helping if its too mch	negative
i try to motivate others	positive
i sometimes lose patince	neutral
i value teamwork	positive
rainy summer days are depresing	negative
Scary waves no.	negative
Maybe try once idk.	neutral
enthusiasm	positive
yeah	positive
I’m fine with them	neutral
they seem nice	positive
from time to time	neutral
I really enjoy it	positive
Most of the time quite eager	positive
Mostly excitement, sometimes pressure	neutral
Not much	negative
Way too warm	negative
I enjoy swimming occasionally	positive
Depends on circumstances	neutral
Seems fun but only in good conditions	neutral
Extremely eager	positive
"Joy, excitement, a bit of nervousness"	positive
I believe so	neutral
"Wonderful, I really enjoy hot summer weather"	positive
They’re alright but not my thing	neutral
"Yes, I usually go along with others"	positive
I don’t really like it	negative
6/10	neutral
It depends on the person honestly	neutral
Yes (I eat them once in a while anyway)	positive
Summer is the worst for me	negative
"I’ve only done basic swimming, which I enjoy"	positive
Depends how much it clashes with my views	neutral
It’s okay	neutral
Kind of	neutral
Stress and hunger	negative
That’s pretty much my routine already	neutral
Excessive heat is awful	negative
Good.	positive
1/10	negative
2/10	negative
3/10	negative
4/10	neutral
5/10	neutral
5.5/10	neutral
6/10	neutral
6.5/10	positive
7/10	positive
7.5/10	positive
8/10	positive
8.5/10	positive
9/10	positive
10/10	positive
about 5 out of 10	neutral
solid 6/10	neutral
more like 3/10 for me	negative
"No, almost never."	negative
I really love it	positive
I try to eat healthy but when project deadlines come closer, I just order pizza and forget about vegetables.	negative
Healthy food makes me feel good and focused, but sometimes I really crave burger after long lab session.	neutral
I honestly want to eat better, but bio food costs too much for my student wallet rn.	negative
I would pay more for real organic food if I could be sure it’s not fake marketing.	positive
I don’t really care about bio labels, as long as it tastes good and not expired lol.	neutral
I eat everything, even weird food, except maybe oysters cuz texture freaks me out a bit.	positive
I’m not picky at all, unless the food smells weird or looks like it’s from 2005.	neutral
Two days inside sound great actually, I could finally rest, play games, and do zero social interaction.	positive
I would go crazy staying home two days straight without sunlight or contact with other humans.	negative
If I have coffee, WiFi and Netflix, I can easily survive two full days indoors.	neutral
Spending two weeks on a small cruise boat sounds awesome, like real-life sea adventure from YouTube vlogs.	positive
I’d love to try living on a boat, but I’d probably get seasick after two hours lol.	neutral
No way I’d go on a small boat for two weeks, that sounds like a horror movie.	negative
I don’t wear wigs, but I think some people look really cool with them, especially for cosplay events.	positive
Wearing a wig feels weird for me, I think I’d just sweat and look awkward in it.	negative
Never wore a wig, but I’d totally try one for Halloween party just for the fun.	neutral
I could spend a whole day reading if the book is sci-fi or something tech-related, otherwise no chance.	positive
Reading all day sounds boring tbh, I’d rather code something or go outside for a bike ride.	negative
A day with a good book and coffee sounds peaceful, like reset from all uni stress.	positive
I love challenges, especially coding ones, they make me think harder and improve skills I didn’t know I had.	positive
I prefer comfort zone sometimes, especially when life already feels like one big group project deadline.	negative
I take challenges only when I have enough time to actually learn something from them, not just rush.	neutral
At parties I usually talk a lot, make jokes, and somehow become the guy everyone remembers next day.	positive
I go to parties sometimes, but I prefer chill gatherings with a few friends and some good music.	neutral
Parties make me tired honestly, too loud, too crowded, too many drunk people asking weird questions.	negative
I make friends pretty easily, especially when we share the same nerdy interests like programming or gaming.	positive
It’s hard for me to make new friends, I always overthink what to say and end up quiet.	negative
I usually need time to trust people, but once I do, I’m loyal like Linux to open source.	neutral
I love summer weather, beach days, and evening bike rides by the sea in Gdańsk.	positive
Summer is fine but too hot sometimes, I can’t focus when temperature hits 30°C in dorm room.	negative
I like summer evenings, less people outside, nice light, good time for walks or photography.	neutral
I always help others with projects if they really want to learn, even if it takes extra time.	positive
I don’t mind helping classmates, but not when I’m already drowning in my own deadlines.	neutral
If someone doesn’t even try, I won’t waste my time explaining same thing again and again.	negative
If I don’t feel like drinking, I’ll just grab Pepsi and still hang with everyone anyway.	neutral
Even if I don’t wanna drink, I might join for one beer just for the social vibe.	positive
I never drink when I don’t want to, no point pretending to fit in for others.	negative
Deadline in one week means I still have at least three days of procrastination before panic starts.	neutral
I start worrying about deadlines only when it’s 24 hours left and caffeine becomes my best friend.	negative
One week before deadline feels fine, enough time to plan everything and finish without stress.	positive
Winning a trip to tropical country sounds awesome, I’d pack my camera and go immediately.	positive
Hot weather isn’t my thing, I’d rather go to Norway than tropical beach full of sunburned tourists.	negative
Tropical countries look beautiful but honestly I’d just sit under shade and drink coconut water.	neutral
I like watersports, especially kayaking, feels relaxing and fun after long studying week.	positive
Watersports are fine, but I’m lazy and don’t like waking up early for such activities.	neutral
Nope, I don’t do watersports, I can barely swim and prefer staying dry on land.	negative
Eating healthy helps me stay focused during long coding sessions, less sugar crashes = more productivity.	positive
I try to eat healthy but it’s hard when fast food is literally next to the dorm.	negative
I’m improving my diet slowly, cooking more at home and avoiding late-night kebab runs.	neutral
Bio food feels overpriced, like paying extra for the same tomato with different label.	negative
If bio food helps environment, I’d pay extra, feels like small step toward sustainability.	positive
I buy eco food sometimes when it’s on sale and my budget somehow survives the week.	neutral
I can eat anything except seafood, idk why but it just doesn’t work for me.	negative
Not picky at all, food is food, as long as it’s warm and not raw inside.	positive
Some food I can’t stand, like soggy pasta or cold fries, just no.	negative
Two days home with laptop and snacks sounds like peaceful heaven honestly.	positive
I’d get restless if I stay home for two days, need walk outside or lose my mind.	negative
If I have stable internet, I can stay home forever lol.	neutral
Cruise sounds cool, sunsets, sea breeze, and no emails for two weeks, I’m in.	positive
Boats are fine, but small ones scare me a bit, especially in open sea.	neutral
Two weeks on boat? No thanks, sounds like nausea and zero privacy.	negative
Never wore wig but I saw some that look really cool in anime cons.	positive
I’d only wear wig for cosplay, maybe as a joke with friends.	neutral
Wigs look funny but also kinda creepy sometimes ngl.	negative
Reading all day feels peaceful, I’d love to do that more often.	positive
I’d rather do something active than sit and read for hours.	negative
Books are fine but I lose focus fast, depends on topic.	neutral
I like challenges, they make life less boring and give sense of progress.	positive
Too many challenges stress me out, I just need chill sometimes.	negative
Depends on type of challenge, some are worth it, some not.	neutral
I’m usually the one hyping up everyone at parties, good vibes only.	positive
I like parties but not when it gets too chaotic or loud.	neutral
I don’t like parties, too many people and small talk is painful.	negative
Making friends easy when you study same thing and share memes.	positive
Hard making friends outside of uni, people have diff interests.	negative
I make friends slow, need trust and chill atmosphere first.	neutral
Summer gives me energy and motivation to do more stuff outdoors.	positive
Summer heat kills my focus completely, I just melt at my desk.	negative
Summer is fine, I like the light and vibe, not the sweating.	neutral
I love helping classmates with coding problems, makes me feel useful and smart.	positive
I help people when I can, but sometimes I just have no time for that.	neutral
I hate helping when someone doesn’t even read the task properly.	negative
If I don’t feel like drinking, I’ll still hang, no peer pressure needed.	neutral
Sometimes I drink one beer just to be social, nothing crazy.	positive
If I don’t want to drink, I won’t, simple as that.	negative
Deadlines are fine as long as I start early, which rarely happens.	neutral
Deadline close means sleepless nights and Red Bull diet incoming.	negative
I usually manage deadlines fine, just need one solid push.	positive
Trip to hot country sounds nice, beach + ocean = pure relax.	positive
Too hot countries make me dizzy, I prefer cooler places.	negative
Tropical countries are cool for vacation photos, not living though.	neutral
Watersports give me adrenaline rush, love that feeling of speed on water.	positive
I like watching watersports but doing them myself? maybe once.	neutral
Watersports not for me, I’d drown in 5 minutes probably.	negative
Healthy eating keeps my brain working better during exam weeks.	positive
Healthy diet? not with uni cafeteria prices lol.	negative
I try to balance food, not always successful but still trying.	neutral
Bio food nice idea but too expensive for students.	negative
If bio food really eco-friendly, I’d support it more.	positive
Sometimes I buy bio milk just cuz it tastes better.	neutral
I can eat anything that’s not moving anymore.	positive
Hate cold soups, just wrong combination for me.	negative
Not picky, but don’t mix sweet with meat please.	neutral
Two days home = peace, movies, coding, perfect combo.	positive
I’d go mad locked at home for two days straight.	negative
Fine as long as there’s WiFi and snacks.	neutral
Cruise trip sounds dreamy, I’d love that break.	positive
Small boats scare me, too cramped and shaky.	negative
Depends if it’s sea or lake cruise.	neutral
Never tried wig, maybe someday for costume event.	neutral
I think wigs can look awesome on some ppl.	positive
I’d never wear wig in public, feels too odd.	negative
Reading full day with music is top tier relax.	positive
Reading all day bores me after few chapters.	negative
Depends on how interesting book is, I guess.	neutral
Challenges keep life interesting and brain active.	positive
Too many challenges = instant burnout.	negative
Depends on mood, sometimes I go for it.	neutral
I love loud parties, best way to clear mind.	positive
I like small parties with close friends, more chill.	neutral
I hate parties, too loud, too much small talk.	negative
I really enjoy it most days	positive
Yeah, I like it a lot	positive
Very eager to try	positive
I love doing that honestly	positive
Sounds fun to me	positive
Definitely yes	positive
I find it exciting	positive
I usually look forward to it	positive
Feels great overall	positive
I’m happy with it	positive
Pretty enjoyable experience	positive
I like it more than I expected	positive
It’s one of my favorites	positive
Always a good time	positive
Deadlines stress me out but somehow I always survive them.	neutral
When deadlines pile up, my sleep schedule disappears completely.	negative
Having a clear deadline actually motivates me to work better.	positive
Hot countries are fun for a week, then I just want AC.	neutral
Extreme heat ruins my mood instantly.	negative
Warm weather and long evenings make me feel alive.	positive
Watersports look fun but I’m scared of falling hard.	neutral
I tried surfing once and it was the best day ever.	positive
Anything involving deep water freaks me out.	negative
Eating healthy helps but I still crave junk food.	neutral
Fast food during exams is basically survival mode.	negative
Cooking balanced meals makes me feel accomplished.	positive
Organic food is nice but my wallet says no.	negative
If bio food was cheaper I’d buy it regularly.	positive
Sometimes I don’t notice any difference with bio food.	neutral
I love trying new foods even if they look weird.	positive
Cold meals just don’t feel satisfying to me.	negative
I’ll eat almost anything but textures matter.	neutral
Staying home all weekend feels recharging.	positive
Too much time at home makes me restless.	negative
Home is fine if I can still meet people online.	neutral
Cruises look fun but also kinda boring.	neutral
I’d love a cruise just for the ocean views.	positive
Boats make me nauseous pretty fast.	negative
I like trips as long as they’re not overcrowded.	neutral
Wigs are cool for cosplay but not daily life.	neutral
Some wigs look insanely realistic and impressive.	positive
Wearing a wig myself would make me uncomfortable.	negative
Reading all day is my idea of heaven.	positive
I get bored if I read for too long.	neutral
Deadlines make me procrastinate harder somehow.	negative
When I plan early, deadlines aren’t scary at all.	positive
I need pressure to actually start working.	neutral
Tropical beaches look amazing but too hot to live.	neutral
Cold climates suit me better than heat.	negative
Summer vibes boost my mood instantly.	positive
Watching watersports is more fun than doing them.	neutral
I’d try watersports if someone forced me once.	neutral
I don’t trust myself near fast water.	negative
Healthy food feels good but takes effort.	neutral
Living on instant noodles feels terrible long term.	negative
Eating well makes studying easier for me.	positive
Eco food feels more like a luxury than a norm.	neutral
Supporting sustainable food feels important to me.	positive
I buy bio stuff only when it’s on sale.	neutral
I enjoy spicy food way too much.	positive
Sweet meals aren’t really my thing.	negative
Food preferences depend on my mood.	neutral
A quiet weekend alone is underrated.	positive
Too much isolation messes with my head.	negative
Being home is fine but not forever.	neutral
Cruises seem relaxing but also overpriced.	neutral
I’d take a cruise if someone else paid.	positive
Being stuck on a ship scares me.	negative
Travel is fun when plans aren’t too strict.	neutral
Trying new styles like wigs can be fun.	positive
Wigs feel unnatural to me personally.	negative
I don’t really think about wigs at all.	neutral
Books help me escape reality for a bit.	positive
Reading is okay but I prefer podcasts.	neutral
Deadlines help structure my chaos.	positive
Last-minute work always backfires on me.	negative
I manage deadlines differently every semester.	neutral
Hot weather drains my energy fast.	negative
Sunny days motivate me to go outside.	positive
I like water but not extreme sports.	neutral
Anything involving speed scares me.	negative
Healthy habits are hard to maintain consistently.	neutral
Junk food makes me feel awful later.	negative
Balanced meals improve my focus a lot.	positive
Bio food feels more psychological than real.	neutral
I like the idea of eco-friendly choices.	positive
I rarely think about food labels.	neutral
I love experimenting in the kitchen.	positive
Cold dishes just don’t hit right.	negative
I’m flexible with food unless I hate the smell.	neutral
Staying home helps me reset mentally.	positive
Too many days indoors make me sad.	negative
Home time depends on my mood.	neutral
I genuinely love it	positive
It makes me feel good	positive
I’m quite enthusiastic about it	positive
I enjoy it whenever I can	positive
Super fun for me	positive
I’m very into it	positive
It’s awesome	positive
Really pleasant most of the time	positive
I’d gladly do it again	positive
It works well for me	positive
I’m a big fan	positive
It brings me joy	positive
I have good feelings about it	positive
It’s cool and enjoyable	positive
I’m excited about it	positive
I like it a lot actually	positive
Feels refreshing	positive
It’s something I appreciate	positive
Very nice experience	positive
I don’t like it at all	negative
Not really my thing	negative
I hate it honestly	negative
Too uncomfortable for me	negative
I avoid it if I can	negative
Really not a fan	negative
It annoys me	negative
I find it exhausting	negative
Feels bad most of the time	negative
I dislike it strongly	negative
It’s unpleasant for me	negative
I’d rather not do it	negative
I don’t enjoy it	negative
Makes me stressed	negative
I can’t stand it	negative
Very uncomfortable experience	negative
I regret doing it	negative
It puts me off	negative
I’m not into it at all	negative
Feels wrong for me	negative
I really don’t like that	negative
It’s frustrating	negative
I’d say no to it	negative
It makes me tired and annoyed	negative
Definitely not for me	negative
I have negative feelings about it	negative
I find it boring and tiring	negative
It’s a bad experience for me	negative
I’m unhappy with it	negative
I strongly dislike it	negative
It makes me uncomfortable	negative
I avoid it whenever possible	negative
Just no, I hate it	negative
It depends on the situation	neutral
Sometimes yes, sometimes no	neutral
I’m not sure how I feel	neutral
It varies a lot	neutral
Hard to say	neutral
I don’t have a strong opinion	neutral
I’m okay with it	neutral
It’s fine I guess	neutral
Neither good nor bad	neutral
Depends on the day	neutral
I don’t really mind it	neutral
I feel mixed about it	neutral
It can be okay	neutral
I’m indifferent to it	neutral
Sometimes I enjoy it	neutral
It’s average for me	neutral
Not bad, not great	neutral
I can take it or leave it	neutral
It really depends	neutral
I haven’t thought much about it	neutral
It’s acceptable	neutral
I don’t care much	neutral
Neutral feelings overall	neutral
It’s situational	neutral
I’m undecided	neutral
Could be better or worse	neutral
I don’t feel strongly either way	neutral
It’s manageable	neutral
I guess it’s okay	neutral
No strong reaction	neutral
It varies by context	neutral
I’m on the fence	neutral
Depends what exactly you mean	neutral
Sometimes it works, sometimes not	neutral
